,cb_totals,cb_total_sectors,cb_entropy
CA_Manitoba,109.0,86.0,4.191001122285052
TH_Maha Sarakham,,,
TR_Erzurum Province,,,
TW_Nantou County,,,
JP_Kagoshima Prefecture,,,
IN_Arunachal Pradesh,,,
US_Massachusetts,5452.0,564.0,5.155059020018061
BE_Hainaut,26.0,26.0,3.07326800995058
FR_Gironde,107.0,110.0,4.327836689224421
JP_Iwate Prefecture,,,
RU_Yaroslavl Oblast,,,
UA_Donetsk Oblast,3.0,10.0,2.302585092994046
NZ_Hawke's Bay Region,6.0,6.0,1.791759469228055
JP_Fukui Prefecture,,,
UY_Montevideo,53.0,84.0,4.047617235935139
DK_North Denmark Region,54.0,56.0,3.781644495013956
KR_Busan,5.0,7.0,1.9061547465398494
RS_Moravica District,,,
IR_Yazd Province,,,
IT_Province of Siena,12.0,19.0,2.9124944033310527
PL_West Pomeranian Voivodeship,22.0,32.0,3.26356166088068
ES_Valladolid Province,5.0,13.0,2.564949357461537
LT_Kaunas County,18.0,34.0,3.4005625290197803
NO_Oslo,400.0,240.0,4.871778277488696
EG_Qena Governorate,1.0,4.0,1.3862943611198906
IT_Province of Bari,6.0,14.0,2.6390573296152584
GB_London Borough of Lambeth,6.0,11.0,2.3693821196946763
NZ_Wellington Region,112.0,124.0,4.433690832675273
PT_Porto District,85.0,117.0,4.472326892483872
US_Louisiana,615.0,288.0,5.041540577706506
NZ_Canterbury Region,51.0,71.0,4.080168381906288
ES_Pontevedra Province,14.0,24.0,3.1102365213877157
AE_Dubai,398.0,226.0,4.875629750336101
US_Ohio,1970.0,441.0,5.131228653479648
US_Hawaii,192.0,155.0,4.742358798006373
RS_South Bačka District,18.0,33.0,3.368576534675404
SA_Eastern Province,15.0,21.0,3.0047670352079594
US_Utah,1265.0,408.0,5.148255544274889
TH_Chiang Mai,6.0,10.0,2.302585092994046
FR_Essonne,59.0,62.0,3.8211876530250706
ES_Jaén Province,6.0,13.0,2.564949357461537
IN_Bihar,14.0,21.0,3.028029073307412
MK_Čair Municipality,12.0,21.0,2.880550479972177
TZ_Dar es Salaam Region,21.0,38.0,3.567761227206579
OM_Muscat Governorate,8.0,14.0,2.6390573296152584
BE_Liège,39.0,44.0,3.554449597135857
TZ_Morogoro Region,,,
GB_Oxfordshire,435.0,248.0,4.8578437123635325
BR_Rio Grande do Norte,3.0,6.0,1.791759469228055
AU_Tasmania,23.0,28.0,3.236945348176137
DE_North Rhine-Westphalia,784.0,328.0,5.0343805374472925
US_Mississippi,198.0,134.0,4.498987478094735
HU_Veszprém,,,
VE_Miranda,10.0,13.0,2.564949357461537
GB_Cardiff,97.0,92.0,4.2893285710888405
MG_Antananarivo Province,4.0,11.0,2.3978952727983707
FR_Loire,28.0,34.0,3.345215724817755
CZ_Vysočina Region,3.0,3.0,1.0986122886681096
FI_South Karelia,11.0,16.0,2.6923109941417858
US_Michigan,1823.0,423.0,5.062772921440772
VN_Hau Giang,,,
IN_Rajasthan,182.0,140.0,4.425187898229871
IN_Tripura,,,
JP_Ōita Prefecture,3.0,11.0,2.3978952727983707
CH_Canton of Jura,12.0,19.0,2.814359184750864
SI_Maribor City Municipality,7.0,13.0,2.5400363038209806
AE_Sharjah Emirate,22.0,31.0,3.3719715799284438
GB_London Borough of Barnet,14.0,26.0,3.2444926304072963
TR_Trabzon Province,1.0,1.0,0.0
JO_Balqa Governorate,1.0,1.0,0.0
CN_Tianjin,15.0,25.0,3.0849620985364274
PR_Puerto Rico,14.0,28.0,3.2591389252044323
AR_Mendoza Province,10.0,19.0,2.8782183066708518
DE_Mecklenburg-Western Pomerania,20.0,28.0,3.2235929159449483
RO_Suceava County,,,
RO_Sibiu County,3.0,5.0,1.6094379124341005
RU_Saratov Oblast,2.0,5.0,1.6094379124341005
IE_County Limerick,43.0,75.0,4.089543066366508
IN_Odisha,52.0,51.0,3.464478500601773
PK_Sindh,105.0,82.0,4.074947814376379
UA_Kiev,106.0,127.0,4.387487990242809
IN_Andhra Pradesh,485.0,256.0,4.825081802212086
BD_Chattogram Division,2.0,,
GB_Liverpool,111.0,116.0,4.539892025677644
CN_Shanghai,458.0,261.0,4.960457831887535
CL_Valparaíso Region,3.0,9.0,2.197224577336219
FR_Hauts-de-Seine,276.0,198.0,4.67321673382566
US_Nebraska,404.0,232.0,4.894299984506322
SE_Värmland County,13.0,19.0,2.9020023132056036
NA_Otjozondjupa Region,1.0,3.0,1.0986122886681096
FR_Haute-Vienne,24.0,44.0,3.7128833076989407
JP_Akita Prefecture,,,
KH_Phnom Penh,20.0,31.0,3.330230943723401
NL_Groningen,40.0,53.0,3.8434962709575684
JP_Okayama Prefecture,1.0,1.0,0.0
RU_Moscow,475.0,279.0,4.9602019338069
TH_Bangkok,140.0,135.0,4.594470138688873
RU_Republic of Tatarstan,8.0,13.0,2.5400363038209806
SE_Örebro County,12.0,17.0,2.7985132569432944
DZ_Algiers Province,5.0,16.0,2.7725887222397807
ES_A Coruña,22.0,41.0,3.658132080249479
IT_Province of Brescia,31.0,38.0,3.5374174117514476
HR_Zagreb,58.0,61.0,3.8482000818491535
TW_Pingtung County,3.0,4.0,1.3321790402101223
TR_Ankara Province,78.0,79.0,3.9916126450384
GB_London Borough of Camden,8.0,13.0,2.5400363038209806
AT_Lower Austria,37.0,50.0,3.8111413023700553
DE_Rhineland-Palatinate,112.0,101.0,4.23012742206612
TH_Khon Kaen,1.0,6.0,1.791759469228055
DZ_Annaba Province,1.0,4.0,1.3862943611198906
US_Arizona,1730.0,433.0,5.191269028832333
NG_Bauchi State,,,
SN_Saint-Louis,,,
BR_Pernambuco,20.0,35.0,3.432874510299262
SE_Uppsala County,54.0,64.0,3.8690942645800304
CA_British Columbia,1732.0,419.0,5.053137728932542
IT_Province of Cagliari,10.0,20.0,2.9412316867217556
FR_Nord,114.0,110.0,4.3170384421294
CH_Canton of Neuchâtel,48.0,54.0,3.5907124603587888
TR_Çankırı Province,,,
NG_Imo State,1.0,1.0,0.0
FI_Finland Proper,76.0,90.0,4.1657616492690845
RO_Ilfov County,9.0,16.0,2.736339051105066
PL_Lublin Voivodeship,7.0,11.0,2.3978952727983707
NO_Hordaland,9.0,13.0,2.564949357461537
US_Montana,190.0,153.0,4.699974054757401
PL_Świętokrzyskie Voivodeship,7.0,11.0,2.3978952727983707
JP_Ōsaka Prefecture,51.0,60.0,3.8780278155910204
US_Florida,4560.0,556.0,5.196520707942245
DE_Hamburg,331.0,225.0,4.881364830404637
GB_London Borough of Hillingdon,37.0,44.0,3.660359470574072
ES_Granada Province,18.0,30.0,3.3139617015716865
TW_Yilan County,,,
GB_City of Sunderland,16.0,28.0,3.2998296856670923
IN_Uttar Pradesh,534.0,251.0,4.630011387288748
CN_Beijing,686.0,295.0,4.913542102638353
JP_Ibaraki Prefecture,4.0,2.0,0.6365141682948128
FR_Aube,6.0,15.0,2.70805020110221
IR_Markazi Province,,,
GB_Gwynedd,13.0,27.0,3.2444540412628644
IT_Benevento Province,4.0,6.0,1.7917594692280547
DZ_Constantine Province,,,
GB_Plymouth,17.0,36.0,3.5435069992803068
LB_Mount Lebanon Governorate,41.0,49.0,3.765275509888043
TH_Nakhon Pathom,,,
IT_Province of Campobasso,3.0,15.0,2.70805020110221
BE_Antwerp,132.0,139.0,4.645306384320319
GB_Stirling,11.0,17.0,2.728352370092261
CN_Sichuan,63.0,61.0,3.798353303062145
FR_Vaucluse,17.0,18.0,2.794979623870695
CN_Guizhou,1.0,1.0,0.0
LK_Gampaha District,4.0,15.0,2.685945324669788
JP_Aomori Prefecture,1.0,1.0,0.0
NL_Overijssel,80.0,97.0,4.331880050130089
IR_East Azerbaijan Province,,,
BR_Paraná,65.0,78.0,4.13478174754432
MX_Guanajuato,2.0,7.0,1.9459101490553132
TW_Yunlin County,,,
IN_Manipur,,,
NO_Buskerud,23.0,26.0,3.173102701104463
RU_Tambov Oblast,,,
SG_Central Singapore Community Development Council,2.0,8.0,2.0794415416798357
FR_Savoie,28.0,41.0,3.591892720146284
IR_West Azarbaijan Province,,,
BN_Brunei-Muara District,2.0,5.0,1.6094379124341005
DZ_Batna Province,,,
CR_San José Province,36.0,47.0,3.6798578720315294
NG_Oyo State,4.0,13.0,2.564949357461537
PL_Łódź Voivodeship,26.0,34.0,3.4678540963518394
BR_Rio de Janeiro,116.0,120.0,4.445557505122718
PH_Sorsogon,,,
IN_Maharashtra,1830.0,408.0,5.075862034388512
MX_Puebla,10.0,20.0,2.9785084205272376
VE_Carabobo,,,
AU_Victoria,1148.0,386.0,5.208817576139532
RS_Nišava District,1.0,4.0,1.3862943611198906
MX_Querétaro,3.0,10.0,2.302585092994046
JP_Miyagi Prefecture,1.0,2.0,0.6931471805599453
PL_Lesser Poland Voivodeship,95.0,114.0,4.331318291397528
GB_Buckinghamshire,161.0,159.0,4.692183392995484
CZ_South Moravian Region,39.0,52.0,3.707459988286873
US_Minnesota,1700.0,402.0,4.955700215623754
ID_Central Java Province,5.0,8.0,2.04319187054512
FR_Rhône,206.0,170.0,4.712992902228541
JP_Saga Prefecture,2.0,4.0,1.3862943611198906
ES_Barcelona Province,95.0,118.0,4.457816766337125
BD_Sylhet Division,1.0,1.0,0.0
IQ_Basra Governorate,,,
GR_North Aegean Region,,,
GB_Edinburgh,244.0,183.0,4.719105340449831
IE_County Kildare,19.0,32.0,3.331203970294556
ZW_Harare Province,18.0,22.0,2.9877714524221313
MX_Mexico City,148.0,146.0,4.7037340711138
JP_Nagasaki Prefecture,,,
NL_Gelderland,149.0,141.0,4.595772775272805
EG_Al Sharqia Governorate,,,
AR_San Juan Province,5.0,8.0,2.0253262207700673
IR_Qazvin Province,,,
ES_Biscay,54.0,83.0,4.189855587014616
SK_Banská Bystrica Region,4.0,8.0,2.0431918705451206
JP_Wakayama Prefecture,,,
RU_Omsk Oblast,7.0,16.0,2.648438334546311
VN_Ho Chi Minh City,86.0,87.0,4.17892966917757
PY_Central Department,1.0,1.0,0.0
MX_Zacatecas,1.0,3.0,1.0986122886681096
IL_Haifa District,151.0,131.0,4.228151561162985
GB_London Borough of Ealing,4.0,10.0,2.302585092994046
JP_Yamaguchi Prefecture,1.0,1.0,0.0
RU_Krasnoyarsk Krai,5.0,11.0,2.3693821196946763
TR_Izmir Province,53.0,46.0,3.613603949048278
FR_Bas-Rhin,47.0,55.0,3.740562095775352
KR_Gyeonggi Province,88.0,85.0,4.0726415466463495
TR_Batman Province,,,
VE_Lara,,,
IT_Province of Reggio Calabria,2.0,2.0,0.6931471805599453
GB_Leicester,62.0,81.0,4.1572885631009875
US_Indiana,1029.0,340.0,4.990617826747529
FR_Marne,12.0,8.0,1.8937882323911377
KR_Sejong City,,,
SA_Jizan Region,,,
ID_Aceh,1.0,1.0,0.0
IT_Province of Perugia,11.0,17.0,2.7985132569432944
US_New York,10284.0,633.0,5.273770743899256
JO_Zarqa Governorate,1.0,3.0,1.0986122886681096
GB_Kirklees,44.0,55.0,3.8561649597981864
MK_Tetovo Municipality,,,
JP_Gunma Prefecture,4.0,10.0,2.2718685126965625
TH_Pathum Thani,1.0,2.0,0.6931471805599453
IR_Sistan and Baluchestan,,,
BR_São Paulo,554.0,276.0,4.917314517362209
ES_Cádiz Province,20.0,37.0,3.4743791278410843
EG_Sohag Governorate,,,
IL_Southern District,45.0,49.0,3.6819597686656422
IN_Punjab,110.0,94.0,3.897852892655142
AR_Buenos Aires Province,37.0,49.0,3.6450333697409505
US_Kansas,943.0,329.0,5.003289980188832
PT_Coimbra District,6.0,9.0,2.0228085294147036
SI_Ljubljana City Municipality,50.0,75.0,4.155973711206181
CL_Los Ríos Region,1.0,3.0,1.0986122886681096
IN_Meghalaya,3.0,3.0,1.0986122886681096
HU_Szeged,3.0,6.0,1.7917594692280547
RU_Nizhny Novgorod Oblast,8.0,17.0,2.833213344056216
RU_Volgograd Oblast,3.0,5.0,1.6094379124341005
RU_Perm Krai,8.0,14.0,2.6156305770275505
ZA_Gauteng,548.0,270.0,4.935627073426442
IT_Province of Venice,17.0,23.0,3.062433267555995
PL_Pomeranian Voivodeship,62.0,99.0,4.371368003919284
PT_Viseu District,5.0,10.0,2.302585092994046
US_Idaho,247.0,188.0,4.810460009762011
GB_Northamptonshire,119.0,119.0,4.455138746275514
FR_Bouches-du-Rhône,141.0,134.0,4.516429284914869
BD_Khulna District,3.0,7.0,1.9061547465398496
TW_Kaohsiung City,9.0,8.0,1.8392967479776603
ES_Albacete Province,9.0,15.0,2.524058077389471
RS_Belgrade,24.0,30.0,3.272991145777969
GB_Belfast city council district,98.0,112.0,4.379180566742982
ES_Asturias,43.0,47.0,3.593283038999481
FI_Uusimaa,692.0,326.0,5.090726572030516
JP_Kagawa Prefecture,1.0,2.0,0.6931471805599453
AR_Buenos Aires,286.0,215.0,4.662014699310446
GB_York,60.0,77.0,4.141090126519047
TR_Samsun Province,3.0,5.0,1.6094379124341005
ES_Salamanca Province,6.0,12.0,2.4583113296830836
US_Texas,7480.0,594.0,5.250681872726005
CN_Shandong,48.0,33.0,3.1020840249045083
MY_Pahang,2.0,3.0,1.0986122886681096
BE_Brussels-Capital Region,211.0,183.0,4.7922483055897285
MT_San Ġwann,1.0,2.0,0.6931471805599453
TH_Songkhla,1.0,1.0,0.0
IE_County Cork,109.0,129.0,4.444879013444323
NG_Rivers State,4.0,4.0,1.3321790402101223
RU_Novosibirsk Oblast,13.0,17.0,2.6015683031684986
BR_Pará,1.0,2.0,0.6931471805599453
BR_Paraíba,9.0,15.0,2.6229962760857912
NL_North Holland,839.0,349.0,5.129841788766422
NG_Lagos,129.0,129.0,4.5353655269243776
DZ_Oran,,,
GB_Sheffield,126.0,102.0,4.274488313815527
GB_Slough,50.0,56.0,3.8468328731961146
IT_Province of Verona,26.0,49.0,3.8170856899981223
FR_Pas-de-Calais,41.0,58.0,3.866557527549314
LV_Ventspils,,,
DE_Saxony-Anhalt,42.0,59.0,3.8988577732798473
GB_Cheshire East,104.0,106.0,4.388459715367816
BD_Dhaka Division,97.0,94.0,4.117004700711671
BR_Santa Catarina,43.0,51.0,3.8120305860492416
IT_Province of Florence,51.0,59.0,3.7679972419804626
FR_Val-de-Marne,68.0,74.0,4.006243288957406
US_New Mexico,425.0,238.0,4.917796976332637
IT_Province of Naples,11.0,26.0,3.223886068491313
EE_Harju County,147.0,177.0,4.839652303369931
IN_Haryana,495.0,259.0,4.88872750593284
IN_Jharkhand,6.0,8.0,2.0794415416798357
IR_Tehran Province,28.0,47.0,3.8179461838583606
BR_Federal District,14.0,29.0,3.29942703091156
KZ_Almaty,7.0,11.0,2.3978952727983707
UG_Kampala District,35.0,45.0,3.6247110757766476
TR_Mersin Province,3.0,5.0,1.6094379124341005
IQ_Nineveh Governorate,,,
ID_Special Region of Yogyakarta,7.0,7.0,1.9061547465398494
ES_Community of Madrid,994.0,365.0,5.008569283450843
GB_Kingston upon Hull,41.0,52.0,3.87023631974652
IS_Reykjavík,146.0,136.0,4.442306523477058
GB_Luton,35.0,40.0,3.5075426592372603
BR_Acre,1.0,1.0,0.0
ET_Tigray Region,,,
FR_Alpes-Maritimes,102.0,97.0,4.186211707381382
JP_Nagano Prefecture,3.0,2.0,0.6931471805599453
CN_Henan,12.0,10.0,2.153532456654254
IN_Delhi,1153.0,349.0,4.953352959403896
DE_Lower Saxony,185.0,146.0,4.5086053278752525
GB_Wokingham,33.0,48.0,3.6630887255428295
SE_Kalmar County,11.0,21.0,3.0149468801795942
BY_Grodno Region,1.0,1.0,0.0
CH_Canton of Bern,165.0,164.0,4.682015880648948
KR_Daegu,2.0,2.0,0.6931471805599453
IQ_Baghdad Governorate,3.0,5.0,1.6094379124341005
GB_London Borough of Islington,7.0,11.0,2.3693821196946763
IT_Province of Varese,27.0,25.0,3.085811660858222
MA_Fès-Boulemane,,,
GB_Bolton,27.0,48.0,3.8345432264998096
EG_Ismailia Governorate,,,
ZA_Free State,3.0,3.0,1.0986122886681096
US_Rhode Island,265.0,205.0,4.834978556660597
GB_City of Westminster,5784.0,583.0,5.253102320097199
US_Maryland,1779.0,407.0,5.0396444083676695
MX_Veracruz,3.0,4.0,1.3862943611198906
MU_Plaines Wilhems District,,,
IT_Province of Catania,5.0,6.0,1.7478680974667573
FI_Ostrobothnia,10.0,11.0,2.274240930731769
IE_County Fingal,28.0,43.0,3.6889817267836684
GR_Epirus Region,,,
IT_Province of Macerata,6.0,12.0,2.441015278026703
MX_Sonora,6.0,11.0,2.3978952727983707
KW_Al Asimah Governorate,8.0,13.0,2.5400363038209806
CN_Hubei,34.0,35.0,3.321007093677721
BG_Sofia City Province,127.0,135.0,4.490911816000178
EG_Aswan Governorate,,,
TR_Balıkesir Province,1.0,1.0,0.0
FR_Indre-et-Loire,12.0,13.0,2.479955520544517
FJ_Central Division,1.0,1.0,0.0
IT_Province of Pavia,9.0,11.0,2.3978952727983707
JP_Kyōto Prefecture,24.0,39.0,3.5320427425059453
PT_Aveiro District,16.0,21.0,2.976138801338436
CO_Bogotá,74.0,91.0,4.264594816583347
US_Arkansas,294.0,179.0,4.708978665007453
ID_Jakarta,163.0,146.0,4.57664512818892
TZ_Arusha Region,5.0,8.0,2.0253262207700677
ES_Balearic Islands,38.0,62.0,3.8435604290503185
AT_Styria,62.0,66.0,3.870525431299115
DE_Schleswig-Holstein,80.0,91.0,4.255091657305716
CH_Canton of Lucerne,37.0,54.0,3.880934982290241
MY_Perak,5.0,9.0,2.197224577336219
TR_Konya Province,4.0,4.0,1.3321790402101223
IT_Province of Modena,34.0,38.0,3.4942607851501837
IN_Tamil Nadu,687.0,287.0,4.719430182113663
US_New Jersey,2856.0,466.0,5.072751087915109
SA_Riyadh Region,49.0,58.0,3.929045087963659
GB_Manchester,336.0,221.0,4.894557070380892
BR_Goiás,8.0,11.0,2.351673301904631
TR_Amasya Province,,,
FI_Northern Ostrobothnia,76.0,91.0,4.217626271663324
NL_Limburg,54.0,72.0,4.042630364627878
SE_Norrbotten County,14.0,22.0,3.0197361271389953
CZ_Olomouc Region,2.0,2.0,0.6931471805599453
LB_Beirut Governorate,46.0,58.0,3.8597698645904455
GR_Peloponnese Region,,,
US_North Dakota,99.0,99.0,4.382817838627137
ES_Region of Murcia,37.0,50.0,3.8088263069812394
FR_Doubs,15.0,26.0,3.2163581335128364
JO_Irbid Governorate,,,
ME_Podgorica Municipality,3.0,8.0,2.0794415416798357
JP_Hokkaidō,9.0,18.0,2.8714761180548676
EG_Monufia Governorate,,,
PK_Khyber Pakhtunkhwa,6.0,9.0,2.1639556568820564
FR_Seine-Maritime,27.0,31.0,3.2608753514559856
GB_Cornwall,44.0,44.0,3.6222748793464046
PL_Silesian Voivodeship,51.0,67.0,3.922554834883483
IN_Assam,4.0,3.0,1.0986122886681096
TH_Nakhon Si Thammarat,,,
IR_Razavi Khorasan Province,2.0,2.0,0.6931471805599453
US_Missouri,614.0,276.0,4.964217881760436
IE_County Donegal,16.0,21.0,2.895270233279544
CA_New Brunswick,44.0,65.0,4.00564508696674
GB_London Borough of Southwark,3.0,3.0,1.0986122886681096
CO_Valle del Cauca Department,8.0,15.0,2.70805020110221
SA_Makkah Region,25.0,38.0,3.5240279165890227
IT_Province of Potenza,1.0,1.0,0.0
IR_Zanjan Province,,,
PH_Metro Manila,1.0,1.0,0.0
FR_Maine-et-Loire,25.0,38.0,3.5034298515005284
NZ_Auckland Region,298.0,225.0,4.941102017698135
TH_Nakhon Ratchasima,,,
GB_Nottingham,152.0,138.0,4.533342923175637
GB_Leeds,246.0,190.0,4.825378044223347
DE_Brandenburg,60.0,81.0,4.075531185314437
IE_County Tipperary,9.0,16.0,2.736339051105066
ES_Las Palmas Province,87.0,84.0,3.989075678827092
AT_Salzburg,24.0,42.0,3.646541338510551
CN_Jiangsu,145.0,100.0,4.048861696354557
TR_Tokat Province,,,
TR_Afyonkarahisar Province,,,
GB_Staffordshire,84.0,82.0,4.166282598775979
KE_Central Province,5.0,8.0,2.0794415416798357
AL_Durrës County,11.0,24.0,3.1239385094381773
CH_Canton of Geneva,248.0,202.0,4.790205111438116
GB_Renfrewshire,17.0,30.0,3.337935207609335
EG_Damietta Governorate,,,
UA_Kharkiv Oblast,27.0,68.0,3.849611142169853
GB_Newcastle upon Tyne,134.0,147.0,4.648925938854926
RU_Altai Republic,,,
MA_Grand Casablanca,1.0,1.0,0.0
TN_Manouba Governorate,,,
LK_Colombo District,58.0,53.0,3.646168422362501
NL_South Holland,464.0,265.0,5.057463068297473
RU_Republic of Karelia,,,
FR_Meurthe-et-Moselle,15.0,20.0,2.886165178199427
AU_Northern Territory,6.0,8.0,2.0794415416798357
GB_Glasgow,183.0,166.0,4.741828350429242
IE_County Dublin,1112.0,375.0,5.008366199224726
US_West Virginia,120.0,105.0,4.274331507285855
RO_Dolj County,,,
BE_East Flanders,162.0,151.0,4.616161509298209
IT_Province of Messina,2.0,4.0,1.3862943611198906
RU_Udmurt Republic,,,
QA_Al Daayen,,,
CN_Guangxi Zhuang Autonomous Region,3.0,4.0,1.3862943611198906
US_Virginia,2805.0,478.0,5.074853140573268
GB_Kent,265.0,180.0,4.790343253967032
FR_Loiret,19.0,31.0,3.390978054967236
KR_North Chungcheong Province,2.0,8.0,2.0794415416798357
JP_Okinawa Prefecture,3.0,3.0,1.0986122886681096
BR_Alagoas,,,
LV_Daugavpils,,,
CN_Shaanxi,18.0,25.0,3.0842961326269087
DE_Saarland,34.0,34.0,3.202367378506567
NL_Utrecht,234.0,182.0,4.635092083270067
IR_Bushehr Province,,,
ES_Navarre,32.0,47.0,3.682934718933839
ES_Alicante Province,26.0,48.0,3.7528261313154845
IR_Mazandaran Province,,,
MY_Sarawak,3.0,3.0,1.0986122886681096
GB_London Borough of Tower Hamlets,5.0,6.0,1.732867951399863
UA_Lviv Oblast,17.0,42.0,3.401986400525298
IT_Province of L'Aquila,6.0,8.0,2.0431918705451206
IT_Province of Udine,8.0,17.0,2.833213344056216
BF_Kadiogo Province,4.0,7.0,1.9061547465398494
TW_Tainan,9.0,9.0,2.098147389135067
FR_Gard,12.0,14.0,2.553237002993714
GB_Suffolk,95.0,97.0,4.317582585608447
EG_Giza Governorate,23.0,44.0,3.6749873725631454
IT_Trentino-South Tyrol,5.0,10.0,2.302585092994046
CZ_Central Bohemian Region,11.0,12.0,2.4583113296830836
AT_Carinthia,21.0,27.0,3.174630287614578
US_South Carolina,769.0,297.0,4.968212344225828
RU_Sakha Republic,2.0,3.0,1.0986122886681096
CA_Nova Scotia,76.0,96.0,4.293757233131289
RU_Ulyanovsk Oblast,5.0,11.0,2.3383717048035724
MX_Nuevo León,37.0,47.0,3.608213076571094
TR_Kırklareli Province,1.0,1.0,0.0
MY_Kuala Lumpur,159.0,144.0,4.585923412310663
GB_Swindon,55.0,76.0,4.205180880036235
IE_County Galway,5.0,7.0,1.9459101490553132
GB_South Gloucestershire,6.0,10.0,2.302585092994046
MY_Perlis,,,
GB_Surrey,435.0,261.0,4.924278847560858
EG_Dakahlia Governorate,,,
MX_Hidalgo,,,
TR_Manisa Province,3.0,1.0,0.0
GB_Bath and North East Somerset,62.0,89.0,4.270247303173271
PT_Lisbon District,182.0,159.0,4.557986695283985
RU_Tomsk Oblast,4.0,9.0,2.197224577336219
NO_Vestfold,14.0,20.0,2.978508420527238
PL_Lubusz Voivodeship,10.0,25.0,3.1760828146595923
GB_Essex,185.0,145.0,4.638560219790085
GB_Bristol,227.0,183.0,4.827851509206194
CN_Xinjiang,2.0,4.0,1.3862943611198906
AU_Australian Capital Territory,56.0,69.0,4.034077450073774
MX_México,31.0,44.0,3.7396831562868713
US_Connecticut,1437.0,403.0,5.10303130591798
CO_Bolívar Department,3.0,4.0,1.3862943611198906
CN_Anhui,14.0,22.0,3.052520501533814
JP_Tokushima Prefecture,2.0,4.0,1.3862943611198906
IN_Gujarat,614.0,245.0,4.461205984145711
US_Delaware,413.0,256.0,5.027392361407446
ES_Zaragoza Province,51.0,74.0,4.069490180290948
KR_North Gyeongsang Province,12.0,20.0,2.9785084205272376
EG_Asyut Governorate,1.0,1.0,0.0
RU_Primorsky Krai,1.0,9.0,2.1972245773362196
TR_Bartın Province,,,
KR_Gangwon Province,3.0,5.0,1.6094379124341005
BR_Maranhão,5.0,6.0,1.7478680974667573
PE_Lima Province,53.0,67.0,4.042745589899853
IR_Kerman Province,,,
IN_Himachal Pradesh,5.0,14.0,2.6390573296152584
IT_Province of Cosenza,2.0,7.0,1.945910149055313
JP_Aichi Prefecture,14.0,13.0,2.3992042962026154
MK_Butel Municipality,,,
IT_Province of Teramo,2.0,3.0,1.0397207708399179
CN_Shanxi,5.0,8.0,2.0794415416798357
JP_Shimane Prefecture,,,
NZ_Southland Region,,,
GB_London Borough of Newham,2.0,2.0,0.6365141682948128
AU_New South Wales,1586.0,416.0,5.188032546964837
SE_Västernorrland County,18.0,33.0,3.423452352430968
GB_Fife,19.0,23.0,3.0624332675559947
DE_Hesse,335.0,216.0,4.827507894242457
TR_Düzce Province,,,
EG_Qalyubia Governorate,,,
GB_Bournemouth,,,
GB_Cambridgeshire,327.0,217.0,4.677387773579863
EE_Tartu County,25.0,51.0,3.692661240790019
JP_Ehime Prefecture,,,
VN_Hanoi,81.0,86.0,4.124263226399599
DE_Thuringia,49.0,46.0,3.4640426970246647
FR_Moselle,11.0,16.0,2.718473401330013
MX_Jalisco,30.0,50.0,3.8404629330250617
AE_Abu Dhabi Emirate,56.0,69.0,4.087903784502556
MA_Marrakesh-Tensift-El Haouz,4.0,8.0,2.0431918705451206
FR_Haute-Garonne,116.0,119.0,4.398412707808596
GB_East Sussex,61.0,82.0,4.2550306799401545
FR_Somme,10.0,17.0,2.798513256943294
IT_Province of Enna,,,
JP_Fukushima Prefecture,1.0,2.0,0.6931471805599453
CN_Jilin,4.0,4.0,1.3321790402101223
SE_Östergötland County,64.0,77.0,3.9580096819654402
KZ_Astana,3.0,6.0,1.791759469228055
NO_Akershus,14.0,16.0,2.7255503958317213
CH_Ticino,64.0,74.0,3.993339698364053
UA_Luhansk Oblast,,,
NZ_Otago Region,26.0,45.0,3.6990213651320367
IR_Isfahan Province,,,
DE_Saxony,133.0,127.0,4.3929370188189605
IR_Ardabil Province,,,
FR_Hérault,70.0,90.0,4.26732941154407
SA_Tabuk Region,,,
CO_Antioquia Department,27.0,37.0,3.5485824223764606
PH_Laguna,2.0,5.0,1.5607104090414063
GB_Bradford,51.0,61.0,3.923692383170456
FR_Oise,17.0,23.0,3.044390228115838
GB_Derbyshire,67.0,58.0,3.8435945515187275
JO_Madaba Governorate,,,
CZ_Plzeň-City District,8.0,9.0,2.163955656882057
FR_Seine-et-Marne,43.0,50.0,3.592703914282564
GB_Norfolk,119.0,125.0,4.60014751866252
GB_Birmingham,226.0,183.0,4.771465204946383
GB_Hertfordshire,291.0,204.0,4.861359793793358
GE_Tbilisi,11.0,17.0,2.7877881193860077
FR_Vienne,4.0,9.0,2.1639556568820564
TR_Adıyaman Province,,,
ZA_Eastern Cape,6.0,7.0,1.9061547465398494
KR_South Jeolla Province,2.0,7.0,1.9459101490553132
KR_Seoul,584.0,258.0,4.734497288415415
US_Wisconsin,1220.0,349.0,5.048809955992379
GR_West Macedonia Region,,,
AU_Western Australia,339.0,195.0,4.777999061280827
MX_Colima,1.0,2.0,0.6931471805599453
GB_Devon,73.0,77.0,4.156817659607626
SI_Koper City Municipality,3.0,4.0,1.3862943611198906
CN_Jiangxi,3.0,7.0,1.9061547465398494
GB_West Sussex,168.0,144.0,4.611524346114549
JP_Kōchi Prefecture,,,
KR_Ulsan,1.0,,
IT_Province of Chieti,3.0,5.0,1.6094379124341005
SA_'Asir Region,,,
GB_Portsmouth,1.0,3.0,1.0986122886681096
DZ_Sétif Province,1.0,1.0,0.0
GR_Central Macedonia,26.0,43.0,3.633698550755055
RU_Rostov Oblast,4.0,15.0,2.70805020110221
IE_County Louth,21.0,33.0,3.3521154376990405
JP_Tottori Prefecture,,,
FR_Seine-Saint-Denis,65.0,76.0,4.111088375638009
KR_Gwangju,,,
LK_Jaffna District,,,
EG_Port Said Governorate,,,
ID_East Java,11.0,19.0,2.8716496251359276
CA_Alberta,933.0,319.0,4.734229270918055
US_New Hampshire,362.0,218.0,4.761756193358754
GB_County Durham,53.0,72.0,4.128597621769683
IT_Province of Lecce,5.0,13.0,2.5400363038209806
AT_Vienna,292.0,236.0,4.821341525832606
IT_Province of Trieste,13.0,19.0,2.8782183066708513
GB_City of London,4.0,7.0,1.945910149055313
ES_León Province,1.0,1.0,0.0
EG_Faiyum Governorate,,,
FR_Yvelines,112.0,94.0,4.192705618007844
BR_Ceará,8.0,15.0,2.6701198898068172
CH_Canton of Zürich,740.0,306.0,4.885775222735748
BY_Minsk,41.0,49.0,3.3793372552429894
SK_Košice Region,9.0,19.0,2.8674404991244455
CN_Liaoning,23.0,23.0,2.9786611832420213
GB_Rotherham,24.0,37.0,3.536954685848359
GB_London Borough of Hounslow,47.0,58.0,3.935401389392175
MY_Selangor,157.0,137.0,4.541061280682533
DE_Bremen,36.0,54.0,3.8575444636089418
DE_Baden-Württemberg,535.0,250.0,4.704029730743493
TR_Kocaeli Province,11.0,12.0,2.3393717343898155
NO_West Agder,20.0,31.0,3.316115133537286
IR_Fars Province,1.0,3.0,1.0986122886681096
BA_Tuzla Canton,2.0,2.0,0.6931471805599453
MN_Ulaanbaatar,7.0,9.0,2.163955656882057
CN_Gansu,1.0,1.0,0.0
FR_Pyrénées-Orientales,7.0,11.0,2.3978952727983707
NO_Møre og Romsdal,12.0,17.0,2.798513256943295
SE_Västra Götaland County,256.0,159.0,4.483146291907103
US_Nevada,925.0,357.0,5.1811449758957195
TR_Elazığ Province,1.0,1.0,0.0
CN_Zhejiang,128.0,109.0,4.252779106153299
CZ_Liberec Region,5.0,9.0,2.1972245773362196
GB_Wrexham County Borough,14.0,29.0,3.328471881330736
FR_Loire-Atlantique,73.0,87.0,4.203203291874351
US_California,26401.0,693.0,5.283664938263977
ES_Tarragona Province,19.0,29.0,3.328471881330736
HR_Primorje-Gorski Kotar County,8.0,15.0,2.6859453246697877
BR_Mato Grosso do Sul,4.0,9.0,2.1458417525947544
IT_Province of Turin,81.0,96.0,4.323271075479905
ES_Lleida Province,11.0,20.0,2.947004770161297
IT_Liguria,18.0,28.0,3.276097603167098
FR_Finistère,25.0,33.0,3.3823253470780843
TR_Eskişehir Province,3.0,4.0,1.3862943611198906
US_Alabama,589.0,242.0,4.778671671801611
JP_Ishikawa Prefecture,5.0,10.0,2.302585092994046
NP_Bagmati Zone,40.0,52.0,3.771409511634081
IT_Province of Padua,25.0,36.0,3.488737420421817
ES_Valencia Province,144.0,144.0,4.581191336485695
ES_La Rioja,25.0,48.0,3.82416268449983
KR_South Chungcheong Province,4.0,4.0,1.3862943611198906
IT_Province of Milan,381.0,253.0,4.9656623114734355
HU_Pécs,,,
GB_Gloucestershire,128.0,121.0,4.429129484484241
IT_Province of Bologna,73.0,86.0,4.195000886362777
GB_London Borough of Lewisham,3.0,2.0,0.6931471805599453
IR_Khuzestan Province,,,
JP_Nara Prefecture,2.0,2.0,0.6931471805599453
NO_Sør-Trøndelag,55.0,68.0,3.859191965890348
SK_Bratislava Region,78.0,95.0,4.299893149793462
IT_Province of Bergamo,31.0,40.0,3.4474917824832043
PK_Azad Kashmir,,,
MM_Yangon Region,8.0,5.0,1.5607104090414066
HR_Osijek-Baranja County,3.0,8.0,2.0794415416798357
BR_Rio Grande do Sul,72.0,85.0,4.185226608789183
US_Oregon,1525.0,420.0,5.1550507954152
JP_Yamagata Prefecture,1.0,3.0,1.0986122886681096
JP_Kumamoto Prefecture,1.0,,
PS_Gaza Governorate,,,
FR_Val-d'Oise,46.0,57.0,3.876358357875274
ES_Cáceres Province,6.0,16.0,2.6980110198441136
NG_Ogun State,1.0,3.0,1.0986122886681096
GB_Middlesbrough,24.0,40.0,3.608903081555547
EC_Pichincha Province,9.0,12.0,2.4583113296830836
AT_Tyrol,25.0,27.0,3.1933413361957586
DK_Region Zealand,36.0,53.0,3.8580179019962295
BA_Sarajevo Canton,3.0,7.0,1.945910149055313
JP_Niigata Prefecture,1.0,,
TR_Antalya Province,10.0,17.0,2.7877881193860077
MY_Penang,18.0,28.0,3.29244910765974
KE_Nairobi,141.0,109.0,4.293522797882678
DK_Central Denmark Region,166.0,139.0,4.491096711780342
FR_Ille-et-Vilaine,59.0,73.0,4.055851180686558
MX_Aguascalientes,1.0,3.0,1.0986122886681096
CL_Coquimbo Region,1.0,2.0,0.6931471805599453
US_Vermont,377.0,249.0,4.888486622893854
JP_Fukuoka Prefecture,11.0,17.0,2.7616257121977803
ID_West Java Province,36.0,69.0,4.10137841229929
CN_Fujian,23.0,30.0,3.185656456714219
SE_Blekinge County,9.0,14.0,2.6156305770275505
RU_Krasnodar Krai,5.0,8.0,2.0431918705451206
CZ_Moravian-Silesian Region,14.0,13.0,2.4150521219178076
CL_Bío Bío Region,,,
CH_Canton of Vaud,310.0,213.0,4.608179390337295
SE_Skåne County,218.0,180.0,4.607066068548443
BT_Thimphu District,2.0,2.0,0.6931471805599453
KR_North Jeolla Province,4.0,5.0,1.6094379124341005
IN_Chhattisgarh,11.0,20.0,2.941231686721755
PT_Madeira,7.0,18.0,2.8714761180548676
MX_Michoacán,1.0,1.0,0.0
TW_Taoyuan City,1.0,1.0,0.0
SA_Al-Qassim Region,,,
JP_Gifu Prefecture,2.0,3.0,1.0986122886681096
IT_Pesaro and Urbino Province,4.0,2.0,0.6365141682948128
ES_Almería Province,9.0,15.0,2.6859453246697877
NL_North Brabant,273.0,183.0,4.746186910135085
DE_Bavaria,1041.0,357.0,5.038186250295314
IT_Trentino,19.0,37.0,3.534659971758484
IE_County Waterford,1.0,4.0,1.3862943611198906
KR_Incheon,12.0,18.0,2.8714761180548676
IR_Chaharmahal and Bakhtiari Province,,,
US_Iowa,409.0,207.0,4.79127376186579
IT_Province of Parma,17.0,26.0,3.205805710089747
HU_Debrecen,2.0,4.0,1.3862943611198906
RU_Leningrad Oblast,,,
QA_Al Rayyan Municipality,,,
GB_Dundee,21.0,36.0,3.4453387271289886
FR_Landes,10.0,11.0,2.3693821196946763
CN_Inner Mongolia,,,
IN_West Bengal,265.0,168.0,4.486202066068463
HU_Sopron,,,
CO_Cundinamarca Department,3.0,5.0,1.6094379124341005
IT_Province of Ferrara,3.0,6.0,1.791759469228055
TN_Tunis Governorate,27.0,55.0,3.886542888001018
IT_Province of Salerno,6.0,4.0,1.3321790402101223
ES_Santa Cruz de Tenerife Province,28.0,26.0,3.142208978931333
IN_Karnataka,1214.0,378.0,4.986614201759075
IE_County Sligo,12.0,29.0,3.3071040555172204
HU_Győr,,,
GB_Stoke-on-Trent,24.0,32.0,3.375451490821408
CH_Basel-Stadt,111.0,97.0,4.06834257490295
IT_Province of Pisa,16.0,40.0,3.636445433217706
TW_Chiayi County,,,
JP_Tochigi Prefecture,4.0,5.0,1.6094379124341005
FR_Réunion,2.0,7.0,1.9459101490553132
US_Maine,129.0,121.0,4.494303136941729
BE_Flemish Brabant,107.0,93.0,4.15550541174491
MD_Chișinău,14.0,23.0,3.03514143279237
US_Alaska,63.0,51.0,3.7470946956012816
CH_Canton of Valais,65.0,74.0,3.987970195641382
JP_Hyōgo Prefecture,14.0,24.0,3.163424050423405
CL_Santiago Metropolitan Region,167.0,162.0,4.724442980105364
EG_Minya Governorate,,,
PK_Punjab,125.0,114.0,4.304721103001267
GB_Aberdeen,98.0,76.0,3.71777009160822
PL_Opole Voivodeship,11.0,14.0,2.6390573296152584
EG_Cairo Governorate,99.0,130.0,4.586016254328246
JP_Yamanashi Prefecture,1.0,2.0,0.6931471805599453
AU_South Australia,129.0,122.0,4.550444878908253
CU_Havana,3.0,5.0,1.6094379124341005
RU_Sverdlovsk Oblast,13.0,25.0,3.1836729714837864
TR_Hatay Province,2.0,3.0,1.0397207708399179
IT_Province of Ancona,11.0,21.0,3.0047670352079594
IS_Northeastern Region,5.0,10.0,2.2538575896013517
RO_Arad County,,,
RO_Cluj County,36.0,57.0,3.7133028558465186
RU_Chelyabinsk Oblast,4.0,9.0,2.1972245773362196
IL_Central District,633.0,280.0,4.808336033136463
MY_Malacca,1.0,3.0,1.0986122886681096
MX_Morelos,,,
JP_Mie Prefecture,2.0,2.0,0.6931471805599453
GH_Greater Accra Region,54.0,68.0,4.024186029231878
RO_Iași County,12.0,30.0,3.3111785913210046
US_Kentucky,1162.0,363.0,5.0152215238298385
SE_Västerbotten County,28.0,34.0,3.351713647682372
NZ_Waikato Region,17.0,26.0,3.1656721668490384
PL_Podlaskie Voivodeship,8.0,15.0,2.70805020110221
US_South Dakota,110.0,102.0,4.347681611946523
BW_Gaborone,9.0,10.0,2.2718685126965625
IT_Province of Lucca,12.0,17.0,2.8133554045006153
CN_Yunnan,4.0,5.0,1.6094379124341005
IQ_Sulaymaniyah Governorate,2.0,1.0,0.0
TN_Sousse Governorate,1.0,3.0,1.0986122886681096
US_Colorado,2787.0,472.0,5.177414529074749
GB_Brighton and Hove,101.0,115.0,4.446662492258216
BR_Amazonas,4.0,4.0,1.3862943611198906
FI_Central Finland,35.0,49.0,3.6281414599192505
BR_Bahia,9.0,19.0,2.9124944033310527
GR_Attica Region,156.0,145.0,4.552411528669585
JO_Amman Governorate,56.0,89.0,4.302820922866669
JP_Hiroshima Prefecture,1.0,2.0,0.6931471805599453
KR_South Gyeongsang Province,1.0,2.0,0.6931471805599453
PK_Islamabad Capital Territory,44.0,55.0,3.782561527072829
GB_Lincolnshire,27.0,32.0,3.4147395813132553
US_Georgia,2630.0,465.0,5.106553522476897
RO_Bucharest,192.0,171.0,4.565215665290443
GB_Hampshire,289.0,206.0,4.787842669881789
SG_South West Community Development Council,983.0,370.0,5.163494159627439
TR_Sakarya Province,4.0,4.0,1.3862943611198906
JP_Shizuoka Prefecture,8.0,13.0,2.488327743368588
CA_Prince Edward Island,1.0,2.0,0.6931471805599453
ES_Castellón Province,12.0,25.0,3.2188758248682
FR_Côte-d'Or,41.0,41.0,3.5042407408900256
CN_Hebei,15.0,22.0,2.9856309198952307
GB_Milton Keynes,89.0,100.0,4.359421135138905
SE_Västmanland County,27.0,32.0,3.4049278883978618
US_North Carolina,2111.0,447.0,5.076134733655009
IR_Kermanshah Province,,,
RO_Constanța County,1.0,1.0,0.0
CN_Heilongjiang,7.0,8.0,1.9701814400260844
GR_West Greece Region,3.0,6.0,1.7478680974667575
US_Pennsylvania,3216.0,482.0,5.093923937914717
ES_Burgos Province,5.0,6.0,1.6674619334292946
RU_Irkutsk Oblast,1.0,2.0,0.6931471805599453
IR_Semnan Province,,,
BE_Walloon Brabant,56.0,67.0,3.9202497752456136
CY_Limassol District,44.0,54.0,3.823171898923894
HU_Miskolc,1.0,2.0,0.6931471805599453
IL_Tel Aviv District,856.0,368.0,5.094771595391142
AR_Córdoba Province,22.0,40.0,3.6158377361186242
JP_Tokyo,863.0,330.0,5.033367383477907
IE_County Westmeath,11.0,12.0,2.4410152780267027
CA_Ontario,3835.0,517.0,5.201334804626667
ES_Cantabria,3.0,7.0,1.9459101490553132
GB_Southampton,66.0,86.0,4.237740348955773
IL_Jerusalem District,13.0,25.0,3.1445801968384903
BH_Northern Governorate,1.0,2.0,0.6931471805599453
CN_Hunan,8.0,11.0,2.351673301904631
CA_Newfoundland and Labrador,37.0,50.0,3.8010166331937083
BG_Ruse Province,,,
BR_Amapá,,,
TW_Taipei,246.0,142.0,4.2658586968404295
SA_Al Madinah Region,,,
FR_Puy-de-Dôme,20.0,24.0,3.1040740215301854
BG_Blagoevgrad Province,,,
IN_Madhya Pradesh,130.0,112.0,4.154494201617214
FR_Guadeloupe,1.0,3.0,1.0986122886681096
CH_Canton of Fribourg,46.0,72.0,4.058272275615358
TW_Hsinchu,58.0,35.0,2.8910214708566024
AM_Yerevan,15.0,18.0,2.8184119474979377
SA_Al Jawf Region,,,
SN_Dakar,9.0,16.0,2.6980110198441136
PH_Cebu,7.0,25.0,3.204777524132256
FI_Northern Savonia,20.0,31.0,3.2976799017530274
US_Wyoming,95.0,91.0,4.254881097305904
CA_Saskatchewan,65.0,64.0,3.9951401928385106
NZ_Manawatu-Wanganui Region,6.0,18.0,2.8903717578961645
MX_Baja California,6.0,15.0,2.6859453246697877
US_Tennessee,1339.0,358.0,4.982431080039015
SE_Halland County,24.0,31.0,3.325653024798286
RU_Saint Petersburg,60.0,74.0,4.124786325794506
IN_Jammu and Kashmir,6.0,19.0,2.9444389791664407
DK_Capital Region of Denmark,238.0,177.0,4.580551552020141
GB_Leicestershire,80.0,88.0,4.284409815367034
PT_Braga District,10.0,14.0,2.557793860107733
FR_Isère,93.0,96.0,4.116399579466579
PL_Lower Silesian Voivodeship,69.0,84.0,4.053581556287713
MO_Macau,4.0,5.0,1.5607104090414063
GB_Cheshire West and Chester,63.0,84.0,4.260601170378509
FR_Paris,1822.0,453.0,5.152792788166544
ZA_KwaZulu-Natal,44.0,57.0,3.8443302645604835
PT_Castelo Branco District,,,
JP_Saitama Prefecture,6.0,7.0,1.945910149055313
MA_Tangier-Tetouan,,,
RU_Kaliningrad Oblast,4.0,9.0,2.197224577336219
ZA_North West,6.0,9.0,2.1458417525947544
AT_Upper Austria,74.0,85.0,4.197051903143097
BR_Minas Gerais,75.0,100.0,4.307970721829983
LV_Riga,94.0,119.0,4.477087228903988
MA_Rabat-Salé-Zemmour-Zaer,3.0,8.0,2.0794415416798357
ID_North Sumatra Province,2.0,3.0,1.0986122886681096
GR_Thessaly,1.0,3.0,1.0986122886681096
JP_Chiba Prefecture,13.0,26.0,3.2444926304072963
GB_Coventry,73.0,87.0,4.196573623958871
EG_Alexandria Governorate,14.0,23.0,2.969013744827687
LT_Vilnius County,94.0,113.0,4.381856363223568
IN_Kerala,205.0,136.0,4.1611169750153465
MY_Terengganu,,,
US_Washington,4342.0,557.0,5.217348017833231
NG_Akwa Ibom State,,,
FI_Pirkanmaa,69.0,82.0,4.111423429013119
VE_Capital District,,,
DZ_Béjaïa Province,1.0,2.0,0.6931471805599453
AU_Queensland,515.0,286.0,5.118497736689498
IT_Province of Rome,180.0,195.0,4.876680519853707
IN_Uttarakhand,28.0,40.0,3.5917818965012476
CH_Canton of St. Gallen,68.0,88.0,4.297433745771535
PL_Masovian Voivodeship,298.0,202.0,4.841039186397403
IT_Province of Vercelli,2.0,1.0,0.0
TW_New Taipei City,13.0,19.0,2.9124944033310527
NO_Rogaland,32.0,28.0,2.953284159818289
HU_Budapest,134.0,160.0,4.732132923078187
EG_Beni Suef Governorate,,,
PL_Podkarpackie Voivodeship,16.0,35.0,3.521377609091709
IT_Province of Catanzaro,1.0,2.0,0.6931471805599453
JP_Kanagawa Prefecture,25.0,29.0,3.1748272578517396
PL_Greater Poland Voivodeship,83.0,110.0,4.417771382890909
ES_Seville Province,51.0,70.0,4.010471851956824
CY_Nicosia District,3.0,5.0,1.6094379124341005
CZ_Prague,231.0,186.0,4.628043452566811
IT_Province of Frosinone,6.0,9.0,2.197224577336219
LY_Benghazi,,,
GR_East Macedonia and Thrace,,,
US_Illinois,4955.0,550.0,5.203244445995894
CN_Chongqing,16.0,26.0,3.2163581335128364
GH_Ashanti Region,2.0,3.0,1.0986122886681096
SI_Nova Gorica,2.0,3.0,1.0986122886681096
PL_Kuyavian-Pomeranian Voivodeship,10.0,20.0,2.9319232930107058
TR_Istanbul Province,668.0,280.0,4.728074639568689
JP_Toyama Prefecture,3.0,4.0,1.242453324894
GB_Lancashire,135.0,122.0,4.48474933040666
HU_Pest County,10.0,24.0,3.115475024880771
CN_Guangdong,468.0,210.0,4.5636390871029295
DE_Berlin,726.0,334.0,5.015235295101425
IT_Province of Sassari,4.0,5.0,1.5607104090414063
US_Oklahoma,679.0,269.0,4.8437566590218175
DK_Region of Southern Denmark,136.0,113.0,4.432172999142004
ES_Girona Province,40.0,43.0,3.479065706319675
AZ_Baku,18.0,24.0,3.087195049150684
CA_Quebec,1256.0,395.0,5.1302167750540315
KR_Jeju,4.0,12.0,2.4583113296830836
GB_Wolverhampton,40.0,53.0,3.855247675387992
TN_Sfax Governorate,,,
GR_Crete,10.0,18.0,2.8903717578961645
GB_Royal Borough of Kensington and Chelsea,5.0,5.0,1.5607104090414063
TN_Monastir Governorate,,,
IN_Chandigarh,85.0,87.0,4.145563754636457
CH_Graubünden,14.0,22.0,3.0625293002546217
RU_Moscow Oblast,8.0,13.0,2.5400363038209806
TW_Chiayi City,,,
BD_Rajshahi District,,,
GH_Central Region,,,
GB_London Borough of Wandsworth,3.0,3.0,1.0986122886681096
KR_Daejeon,19.0,26.0,3.0511148137931445
PT_Azores,1.0,2.0,0.6931471805599453
ZA_Western Cape,363.0,250.0,4.946290517334327
SE_Stockholm County,909.0,369.0,5.1357328044517185
RU_Penza Oblast,2.0,4.0,1.3862943611198906
BR_Sergipe,2.0,5.0,1.6094379124341005
AR_San Luis Province,,,
